Function Count,multi_func_profit,compute_first,memory_first,single_func,random_deploy
2,2049.531851851852,1368.3776923076925,1388.8792,860.8644444444444,1002.6051851851852
3,1381.2876,772.58625,780.3447826086955,419.4696,569.7252
4,1281.2295454545458,654.1745000000002,583.0142105263158,378.2586363636363,419.3581818181819
5,776.8266666666665,360.10043478260866,512.139090909091,281.07,246.63222222222223
