Function Count,multi_func_profit,compute_first,memory_first,single_func,random_deploy,min_profit
2,194.72533333333334,155.30066666666664,165.34033333333335,102.187,93.87633333333333,61.09966666666667
3,163.16625,195.2479166666667,210.95625000000004,185.035,127.19208333333331,237.12249999999997
4,142.43666666666664,170.482,209.12266666666662,138.72733333333338,143.51866666666666,356.3113333333333
5,187.305,216.94375000000002,254.03875,158.07375000000002,204.84375,451.54499999999996
