avg_bandwidth,multi_func_profit_cost,multi_func_worst_profit_cost,multi_func_min_cost_cost,multi_func_max_users_cost,single_func_cost,random_deploy_cost,multi_func_profit_profit,multi_func_worst_profit_profit,multi_func_min_cost_profit,multi_func_max_users_profit,single_func_profit,random_deploy_profit,multi_func_profit_users,multi_func_worst_profit_users,multi_func_min_cost_users,multi_func_max_users_users,single_func_users,random_deploy_users
"[486.89, 788.12)",166.2483333333333,79.25583333333334,49.70333333333334,173.56083333333333,89.45083333333332,68.19416666666666,707.0891666666666,73.18,113.88333333333337,699.7766666666666,88.08833333333335,108.80499999999999,6.166666666666667,1.0833333333333333,1.1666666666666667,6.166666666666667,1.25,1.25
"[788.12, 1089.34)",270.8192857142857,205.2,146.23142857142858,306.65285714285716,268.325,256.1064285714286,273.6028571428571,-15.819999999999999,43.14857142857142,237.7692857142857,30.106428571428573,81.61428571428573,2.857142857142857,1.0,1.0,2.857142857142857,1.5714285714285714,1.7857142857142858
"[1089.34, 1390.57)",462.7921428571428,302.7135714285714,183.40857142857143,567.1307142857142,403.9857142857142,415.2114285714286,334.26785714285717,-29.794285714285706,56.01714285714286,246.8035714285714,61.728571428571435,113.92357142857145,3.5714285714285716,1.2142857142857142,1.0714285714285714,3.642857142857143,2.0714285714285716,2.357142857142857
"[1390.57, 1691.80)",714.4861111111111,790.6216666666666,479.56055555555554,980.0066666666667,797.5883333333334,732.8388888888888,157.98833333333334,-369.3588888888889,-133.21444444444444,-46.912777777777784,-194.88777777777779,-132.27222222222224,3.388888888888889,1.6111111111111112,1.3333333333333333,3.611111111111111,2.3333333333333335,2.3333333333333335
"[1691.80, 1993.02)",768.816842105263,1085.8436842105264,597.4510526315789,1177.293684210526,1055.4631578947367,919.2715789473682,-119.97052631578946,-710.78,-334.331052631579,-422.22421052631574,-553.4273684210526,-460.44000000000005,2.8421052631578947,2.5789473684210527,1.5263157894736843,4.0,2.6315789473684212,2.526315789473684
