avg_compute,multi_func_profit_cost,multi_func_worst_profit_cost,multi_func_min_cost_cost,multi_func_max_users_cost,single_func_cost,random_deploy_cost,multi_func_profit_profit,multi_func_worst_profit_profit,multi_func_min_cost_profit,multi_func_max_users_profit,single_func_profit,random_deploy_profit,multi_func_profit_users,multi_func_worst_profit_users,multi_func_min_cost_users,multi_func_max_users_users,single_func_users,random_deploy_users
"[5508.30, 11381.76)",334.52750000000003,159.29699999999997,84.75099999999999,374.66150000000005,324.135,316.625,732.7645,199.2485,259.4115,692.6305,343.9105,384.5005,4.55,1.5,1.45,4.55,2.8,3.0
"[11381.76, 17255.21)",413.5305882352941,318.8438235294118,150.57911764705884,552.7288235294118,400.51588235294116,376.3138235294117,447.68117647058824,-33.70911764705882,81.90029411764706,355.92529411764707,31.228529411764704,67.57058823529411,4.382352941176471,1.7941176470588236,1.2941176470588236,4.9411764705882355,2.2058823529411766,2.323529411764706
"[17255.21, 23128.67)",470.5175,828.3691666666667,420.27833333333325,863.8966666666665,584.9041666666667,532.5508333333333,-90.89499999999998,-543.8116666666666,-228.49750000000003,-391.49749999999995,-375.8241666666667,-319.0108333333334,2.3333333333333335,1.4166666666666667,1.0,2.75,1.1666666666666667,1.0833333333333333
"[23128.67, 29002.12)",1004.81,1680.6133333333332,1004.81,1555.1655555555556,1550.721111111111,1160.1944444444443,-807.6188888888888,-1407.1366666666668,-807.6188888888888,-1281.6888888888889,-1284.3066666666666,-963.0033333333332,1.0,1.4444444444444444,1.0,1.4444444444444444,1.3333333333333333,1.0
"[29002.12, 34875.58)",1565.005,1764.3649999999998,1565.005,1734.5349999999999,1758.12,1760.155,-1391.8600000000001,-1591.2199999999998,-1391.8600000000001,-1561.3899999999999,-1584.975,-1587.01,1.0,1.0,1.0,1.0,1.0,1.0
