model_size,multi_func_profit_cost,multi_func_worst_profit_cost,multi_func_min_cost_cost,multi_func_max_users_cost,single_func_cost,random_deploy_cost,multi_func_profit_profit,multi_func_worst_profit_profit,multi_func_min_cost_profit,multi_func_max_users_profit,single_func_profit,random_deploy_profit,multi_func_profit_users,multi_func_worst_profit_users,multi_func_min_cost_users,multi_func_max_users_users,single_func_users,random_deploy_users
110B,1155.6914285714286,1509.517142857143,1155.6914285714286,1440.8714285714286,1505.6471428571429,1287.8071428571427,-950.5442857142856,-1264.1742857142856,-950.5442857142856,-1195.5285714285712,-1260.304285714286,-1082.66,1.0,1.1428571428571428,1.0,1.1428571428571428,1.1428571428571428,1.0
13B,470.2748148148148,286.0981481481481,130.38296296296298,591.8299999999999,404.62407407407414,390.54,409.0018518518518,-0.3355555555555546,98.97814814814814,325.37,73.57111111111111,95.35037037037036,4.111111111111111,1.5925925925925926,1.1481481481481481,4.481481481481482,2.2222222222222223,2.3703703703703702
180B,1872.2350000000001,2166.94,1872.2350000000001,2115.655,2161.975,2118.69,-1703.745,-1998.4499999999998,-1703.745,-1947.165,-1993.4850000000001,-1950.2,1.0,1.0,1.0,1.0,1.0,1.0
70B,593.3064285714287,1215.7907142857143,593.3064285714287,1150.6807142857144,921.04,736.7021428571427,-400.5592857142857,-914.5778571428572,-400.5592857142857,-849.467857142857,-699.0828571428572,-525.3042857142857,1.0,1.5714285714285714,1.0,1.5714285714285714,1.2142857142857142,1.0714285714285714
7B,276.22285714285715,190.075,84.73464285714286,355.71678571428566,294.74678571428564,272.3475,764.8050000000001,136.99678571428572,222.5121428571429,706.3507142857143,250.87285714285716,299.2114285714286,5.214285714285714,1.75,1.5357142857142858,5.535714285714286,2.607142857142857,2.7142857142857144
