model_size,multi_func_profit_cost,multi_func_worst_profit_cost,multi_func_min_cost_cost,multi_func_max_users_cost,single_func_cost,random_deploy_cost,multi_func_profit_profit,multi_func_worst_profit_profit,multi_func_min_cost_profit,multi_func_max_users_profit,single_func_profit,random_deploy_profit,multi_func_profit_users,multi_func_worst_profit_users,multi_func_min_cost_users,multi_func_max_users_users,single_func_users,random_deploy_users
110B,66147.248,130284.58999999998,66147.248,127437.3417142857,100910.76542857142,100966.45714285714,-65480.21142857141,-129136.80542857145,-65480.21142857141,-126289.55714285714,-99977.58714285717,-100087.214,1.0,1.8,1.0,1.8,1.4,1.3714285714285714
13B,19567.930857142856,65668.92647619048,19557.17552380952,64040.0560952381,35496.41961904762,35578.14828571429,-17585.280095238097,-59863.36609523809,-17617.03361904762,-58017.52876190477,-32891.88142857143,-32945.688285714285,2.5904761904761906,7.847619047619047,2.552380952380952,8.104761904761904,3.5047619047619047,3.6666666666666665
180B,110565.67368421055,154985.03157894738,110565.67368421055,152595.2542105263,127077.69526315789,132578.20578947366,-109734.01157894736,-153808.77526315788,-109734.01157894736,-151418.99789473682,-126162.92315789474,-131559.47105263156,1.0,1.368421052631579,1.0,1.368421052631579,1.105263157894737,1.1578947368421053
310B,187836.17875000002,208895.24125,187836.17875000002,207627.84375,193048.52875,192503.93625,-187342.40375,-208317.43125,-187342.40375,-207050.03375,-192554.75374999997,-192010.16124999998,1.0,1.125,1.0,1.125,1.0,1.0
70B,38865.00323076923,94807.29153846155,38865.00323076923,92973.54046153846,76715.58338461537,70208.44446153846,-38156.976,-93208.49030769231,-38156.976,-91374.73923076922,-75456.19861538461,-69101.57723076922,1.0153846153846153,2.3076923076923075,1.0153846153846153,2.3076923076923075,1.8307692307692307,1.6615384615384616
7B,14414.583333333334,57140.91755555555,14367.056999999999,55912.87155555556,26108.299333333332,26591.73677777778,-12364.501111111113,-49007.99355555556,-12377.864333333333,-47632.25133333333,-23360.04333333333,-23476.11666666666,2.966666666666667,11.588888888888889,2.911111111111111,11.877777777777778,3.9444444444444446,4.433333333333334
