module_count,multi_func_profit_cost,multi_func_worst_profit_cost,multi_func_min_cost_cost,multi_func_max_users_cost,single_func_cost,random_deploy_cost,multi_func_profit_profit,multi_func_worst_profit_profit,multi_func_min_cost_profit,multi_func_max_users_profit,single_func_profit,random_deploy_profit,multi_func_profit_users,multi_func_worst_profit_users,multi_func_min_cost_users,multi_func_max_users_users,single_func_users,random_deploy_users
2,31920.826470588232,66803.70941176469,31865.608823529412,66131.10999999999,47917.438970588235,53413.11720588236,-29814.39455882353,-62176.31352941177,-29818.631617647057,-61418.31441176471,-45097.041764705886,-50365.313235294125,2.588235294117647,5.794117647058823,2.5441176470588234,5.867647058823529,3.485294117647059,3.9558823529411766
3,30211.703037974683,76494.07101265823,30207.84329113924,75767.19544303798,50403.98303797467,46436.53164556962,-28982.823291139248,-71894.08683544304,-28995.102531645578,-71053.46848101265,-48480.5182278481,-44407.562278481004,1.8354430379746836,6.658227848101266,1.8227848101265822,6.8354430379746836,2.8227848101265822,3.0
4,42957.28205479452,92911.64178082193,42956.693150684936,91275.9506849315,61420.58589041096,62000.87863013699,-41637.7105479452,-88294.23095890411,-41670.03534246575,-86548.21712328767,-59709.58739726026,-60224.613561643826,1.8767123287671232,6.342465753424658,1.8493150684931507,6.5479452054794525,2.410958904109589,2.506849315068493
5,43027.51710144928,95937.49898550725,43008.618985507244,93027.15942028987,68827.95260869563,64641.513623188424,-41618.575217391306,-90713.03347826088,-41631.89289855072,-87703.67333333332,-66967.3211594203,-62836.711304347824,1.9855072463768115,7.6231884057971016,1.9420289855072463,7.753623188405797,2.753623188405797,2.681159420289855
6,34383.0409090909,102676.08666666667,34383.0409090909,98658.83878787879,63060.398181818186,60559.01878787879,-32930.28393939394,-98524.81060606061,-32930.28393939394,-94313.76424242424,-61252.989696969686,-58707.437272727264,2.1818181818181817,6.242424242424242,2.1818181818181817,6.545454545454546,2.8484848484848486,2.909090909090909
