module_count,multi_func_profit_cost,multi_func_worst_profit_cost,multi_func_min_cost_cost,multi_func_max_users_cost,single_func_cost,random_deploy_cost,multi_func_profit_profit,multi_func_worst_profit_profit,multi_func_min_cost_profit,multi_func_max_users_profit,single_func_profit,random_deploy_profit,multi_func_profit_users,multi_func_worst_profit_users,multi_func_min_cost_users,multi_func_max_users_users,single_func_users,random_deploy_users
2,396.665909090909,412.5690909090909,254.28999999999996,584.6745454545454,404.515,433.41681818181826,253.55590909090913,-103.51681818181818,2.6463636363636396,136.92863636363634,29.214090909090906,56.23545454545454,3.3636363636363638,1.8181818181818181,1.4090909090909092,3.8636363636363638,2.227272727272727,2.5454545454545454
3,471.89799999999997,344.36133333333333,246.74133333333333,565.5073333333333,505.762,466.5433333333333,395.73466666666667,-14.282000000000002,68.96533333333333,316.4986666666667,141.50266666666667,135.89399999999995,3.6666666666666665,1.6666666666666667,1.4,3.933333333333333,2.8,2.7333333333333334
4,629.8349999999999,860.5016666666666,471.59277777777777,939.2411111111111,836.223888888889,677.0766666666666,28.65611111111112,-568.8094444444444,-246.85666666666663,-230.4005555555556,-494.8083333333333,-311.3694444444444,3.1666666666666665,1.3888888888888888,1.0555555555555556,3.4444444444444446,1.6111111111111112,1.6111111111111112
5,524.8987500000001,587.23,316.469375,722.213125,623.244375,510.400625,270.55,-310.61749999999995,-87.163125,114.30375,-284.928125,-173.28375000000003,4.125,1.5,1.1875,4.5625,1.6875,1.6875
6,718.8185714285713,834.5242857142858,455.1185714285715,937.0314285714285,775.157142857143,692.7228571428572,61.37142857142859,-589.0442857142858,-288.7214285714286,-147.76142857142852,-412.17857142857144,-397.04285714285714,4.0,1.4285714285714286,1.0,4.142857142857143,1.8571428571428572,1.5714285714285714
