profit_per_user,multi_func_profit_cost,multi_func_worst_profit_cost,multi_func_min_cost_cost,multi_func_max_users_cost,single_func_cost,random_deploy_cost,multi_func_profit_profit,multi_func_worst_profit_profit,multi_func_min_cost_profit,multi_func_max_users_profit,single_func_profit,random_deploy_profit,multi_func_profit_users,multi_func_worst_profit_users,multi_func_min_cost_users,multi_func_max_users_users,single_func_users,random_deploy_users
"[52.25, 101.58)",761.0645454545454,1460.7409090909093,761.0645454545454,1383.1336363636365,1233.8918181818183,1066.3090909090909,-671.9072727272727,-1278.3972727272728,-671.9072727272727,-1183.7118181818182,-1099.0318181818182,-933.2836363636364,1.4545454545454546,3.0,1.4545454545454546,3.272727272727273,2.1818181818181817,2.1818181818181817
"[101.58, 150.92)",157.45499999999998,75.162,47.434000000000005,161.08999999999997,79.72399999999999,64.54599999999999,700.535,76.196,117.30500000000002,696.9,85.66300000000001,100.193,6.2,1.1,1.2,6.2,1.2,1.2
"[150.92, 200.25)",251.775,200.6792857142857,145.9907142857143,288.0235714285715,245.47000000000003,228.37214285714282,312.315,-17.767142857142858,36.921428571428564,276.0664285714286,28.975714285714293,85.36285714285715,3.142857142857143,1.0,1.0,3.142857142857143,1.5,1.7142857142857142
"[200.25, 249.59)",489.1795,301.64,199.351,573.1144999999999,432.6794999999999,430.6249999999999,344.52150000000006,-29.624000000000002,49.2195,272.3985,67.7595,113.90550000000003,3.7,1.2,1.1,3.75,2.2,2.4
"[249.59, 298.92)",747.9054545454545,852.2790909090909,500.1004545454545,1053.6781818181817,893.1236363636363,766.5263636363635,240.01318181818186,-351.0668181818182,-99.7409090909091,23.503181818181794,-190.15590909090915,-104.48363636363636,3.590909090909091,1.8181818181818181,1.4545454545454546,3.909090909090909,2.5454545454545454,2.409090909090909
