topology_degree,multi_func_profit_cost,multi_func_worst_profit_cost,multi_func_min_cost_cost,multi_func_max_users_cost,single_func_cost,random_deploy_cost,multi_func_profit_profit,multi_func_worst_profit_profit,multi_func_min_cost_profit,multi_func_max_users_profit,single_func_profit,random_deploy_profit,multi_func_profit_users,multi_func_worst_profit_users,multi_func_min_cost_users,multi_func_max_users_users,single_func_users,random_deploy_users
2,33760.57289473684,82236.65921052633,33710.60197368421,80861.48250000001,52588.57394736841,53464.395131578945,-32086.383289473677,-77146.43210526317,-32121.22315789473,-75631.66447368421,-50438.035526315776,-50949.53960526316,2.1447368421052633,6.802631578947368,2.0789473684210527,6.9605263157894735,2.8421052631578947,3.3684210526315788
3,41287.8623076923,85051.38474358975,41277.925641025635,83733.05166666665,56473.603974358964,55779.2235897436,-39737.2991025641,-80040.9714102564,-39751.20576923078,-78649.37756410256,-54581.70115384616,-53892.098205128204,2.141025641025641,7.115384615384615,2.1153846153846154,7.217948717948718,2.6923076923076925,2.7435897435897436
4,32710.288021978016,82454.08505494504,32701.12505494505,80624.99461538461,55859.57472527471,56074.235274725266,-31220.347252747248,-77513.98912087912,-31229.185274725274,-75574.79186813187,-53793.12483516483,-53965.76901098902,2.098901098901099,6.989010989010989,2.076923076923077,7.175824175824176,2.9450549450549453,3.087912087912088
5,39400.88766233766,90765.14467532469,39400.88766233766,88399.46480519482,65834.17038961039,61928.89987012987,-38127.65896103896,-87058.7205194805,-38127.65896103896,-84566.66116883117,-63787.217272727255,-59946.4983116883,1.896103896103896,5.285714285714286,1.896103896103896,5.4935064935064934,2.935064935064935,2.844155844155844
